[
    {
        "id": "FAC001",
        "name": "Dr. Ajay Patel",
        "designation": "Professor",
        "department": "Physics",
        "email": "ajay.patel@college.edu",
        "phone": "+91-8639282635",
        "specialization": "Structural Engineering",
        "office": "Room 428, Physics Block",
        "image": "fac001.jpg"
    },
    {
        "id": "FAC002",
        "name": "Priya Verma",
        "designation": "Assistant Professor",
        "department": "Biotechnology",
        "email": "priya.verma@college.edu",
        "phone": "+91-9812868360",
        "specialization": "Artificial Intelligence",
        "office": "Room 334, Biotechnology Block",
        "image": "fac002.jpg"
    },
    {
        "id": "FAC003",
        "name": "Dr. Priya Menon",
        "designation": "Associate Professor",
        "department": "Computer Science",
        "email": "priya.menon@college.edu",
        "phone": "+91-9731507420",
        "specialization": "Artificial Intelligence",
        "office": "Room 440, Computer Block",
        "image": "fac003.jpg"
    },
    {
        "id": "FAC004",
        "name": "Dr. Karan Kumar",
        "designation": "Professor",
        "department": "Mathematics",
        "email": "karan.kumar@college.edu",
        "phone": "+91-6151674949",
        "specialization": "Organic Chemistry",
        "office": "Room 299, Mathematics Block",
        "image": "fac004.jpg"
    },
    {
        "id": "FAC005",
        "name": "Dr. Meena Sharma",
        "designation": "Associate Professor",
        "department": "Information Technology",
        "email": "meena.sharma@college.edu",
        "phone": "+91-7517301206",
        "specialization": "Artificial Intelligence",
        "office": "Room 307, Information Block",
        "image": "fac005.jpg"
    },
    {
        "id": "FAC006",
        "name": "Dr. Sneha Jain",
        "designation": "Assistant Professor",
        "department": "Electronics",
        "email": "sneha.jain@college.edu",
        "phone": "+91-9473164173",
        "specialization": "Data Science",
        "office": "Room 493, Electronics Block",
        "image": "fac006.jpg"
    },
    {
        "id": "FAC007",
        "name": "Nisha Das",
        "designation": "Assistant Professor",
        "department": "Mathematics",
        "email": "nisha.das@college.edu",
        "phone": "+91-9152277321",
        "specialization": "Data Science",
        "office": "Room 134, Mathematics Block",
        "image": "fac007.jpg"
    },
    {
        "id": "FAC008",
        "name": "Dr. Karan Patel",
        "designation": "Associate Professor",
        "department": "Information Technology",
        "email": "karan.patel@college.edu",
        "phone": "+91-6618589695",
        "specialization": "Data Science",
        "office": "Room 199, Information Block",
        "image": "fac008.jpg"
    },
    {
        "id": "FAC009",
        "name": "Dr. Karan Patel",
        "designation": "Assistant Professor",
        "department": "Physics",
        "email": "karan.patel@college.edu",
        "phone": "+91-8239899122",
        "specialization": "Genetic Engineering",
        "office": "Room 347, Physics Block",
        "image": "fac009.jpg"
    },
    {
        "id": "FAC010",
        "name": "Dr. Pooja Singh",
        "designation": "Lecturer",
        "department": "Civil",
        "email": "pooja.singh@college.edu",
        "phone": "+91-6575865727",
        "specialization": "Thermodynamics",
        "office": "Room 295, Civil Block",
        "image": "fac010.jpg"
    },
    {
        "id": "FAC011",
        "name": "Dr. Rahul Yadav",
        "designation": "Professor",
        "department": "Electronics",
        "email": "rahul.yadav@college.edu",
        "phone": "+91-8215200788",
        "specialization": "Cyber Security",
        "office": "Room 127, Electronics Block",
        "image": "fac011.jpg"
    },
    {
        "id": "FAC012",
        "name": "Vikram Kumar",
        "designation": "Associate Professor",
        "department": "Computer Science",
        "email": "vikram.kumar@college.edu",
        "phone": "+91-7820902244",
        "specialization": "Quantum Physics",
        "office": "Room 198, Computer Block",
        "image": "fac012.jpg"
    },
    {
        "id": "FAC013",
        "name": "Karan Malhotra",
        "designation": "Assistant Professor",
        "department": "Civil",
        "email": "karan.malhotra@college.edu",
        "phone": "+91-8637932624",
        "specialization": "Artificial Intelligence",
        "office": "Room 183, Civil Block",
        "image": "fac013.jpg"
    },
    {
        "id": "FAC014",
        "name": "Dr. Anita Agarwal",
        "designation": "Lecturer",
        "department": "Civil",
        "email": "anita.agarwal@college.edu",
        "phone": "+91-8000427750",
        "specialization": "Quantum Physics",
        "office": "Room 196, Civil Block",
        "image": "fac014.jpg"
    },
    {
        "id": "FAC015",
        "name": "Dr. Sunita Jain",
        "designation": "Professor",
        "department": "Mechanical",
        "email": "sunita.jain@college.edu",
        "phone": "+91-8140893458",
        "specialization": "Organic Chemistry",
        "office": "Room 380, Mechanical Block",
        "image": "fac015.jpg"
    },
    {
        "id": "FAC016",
        "name": "Vikram Yadav",
        "designation": "Assistant Professor",
        "department": "Computer Science",
        "email": "vikram.yadav@college.edu",
        "phone": "+91-7797037356",
        "specialization": "Artificial Intelligence",
        "office": "Room 321, Computer Block",
        "image": "fac016.jpg"
    },
    {
        "id": "FAC017",
        "name": "Dr. Suresh Das",
        "designation": "Professor",
        "department": "Mathematics",
        "email": "suresh.das@college.edu",
        "phone": "+91-8928436129",
        "specialization": "Data Science",
        "office": "Room 375, Mathematics Block",
        "image": "fac017.jpg"
    },
    {
        "id": "FAC018",
        "name": "Dr. Divya Yadav",
        "designation": "Professor",
        "department": "Biotechnology",
        "email": "divya.yadav@college.edu",
        "phone": "+91-7899021747",
        "specialization": "Cyber Security",
        "office": "Room 175, Biotechnology Block",
        "image": "fac018.jpg"
    },
    {
        "id": "FAC019",
        "name": "Sneha Singh",
        "designation": "Assistant Professor",
        "department": "Information Technology",
        "email": "sneha.singh@college.edu",
        "phone": "+91-7890069007",
        "specialization": "Marketing Management",
        "office": "Room 179, Information Block",
        "image": "fac019.jpg"
    },
    {
        "id": "FAC020",
        "name": "Dr. Sneha Bose",
        "designation": "Professor",
        "department": "Management",
        "email": "sneha.bose@college.edu",
        "phone": "+91-9054699516",
        "specialization": "Artificial Intelligence",
        "office": "Room 232, Management Block",
        "image": "fac020.jpg"
    },
    {
        "id": "FAC021",
        "name": "Nisha Patel",
        "designation": "Professor",
        "department": "Information Technology",
        "email": "nisha.patel@college.edu",
        "phone": "+91-8460115122",
        "specialization": "Data Science",
        "office": "Room 164, Information Block",
        "image": "fac021.jpg"
    },
    {
        "id": "FAC022",
        "name": "Rahul Rana",
        "designation": "Professor",
        "department": "Physics",
        "email": "rahul.rana@college.edu",
        "phone": "+91-9495151550",
        "specialization": "Quantum Physics",
        "office": "Room 486, Physics Block",
        "image": "fac022.jpg"
    },
    {
        "id": "FAC023",
        "name": "Dr. Asha Das",
        "designation": "Lecturer",
        "department": "Management",
        "email": "asha.das@college.edu",
        "phone": "+91-9151315067",
        "specialization": "Genetic Engineering",
        "office": "Room 480, Management Block",
        "image": "fac023.jpg"
    },
    {
        "id": "FAC024",
        "name": "Dr. Asha Verma",
        "designation": "Assistant Professor",
        "department": "Mechanical",
        "email": "asha.verma@college.edu",
        "phone": "+91-7647589555",
        "specialization": "Cyber Security",
        "office": "Room 176, Mechanical Block",
        "image": "fac024.jpg"
    },
    {
        "id": "FAC025",
        "name": "Dr. Sunita Menon",
        "designation": "Assistant Professor",
        "department": "Physics",
        "email": "sunita.menon@college.edu",
        "phone": "+91-6963254698",
        "specialization": "Artificial Intelligence",
        "office": "Room 494, Physics Block",
        "image": "fac025.jpg"
    },
    {
        "id": "FAC026",
        "name": "Dr. Rajesh Agarwal",
        "designation": "Lecturer",
        "department": "Electronics",
        "email": "rajesh.agarwal@college.edu",
        "phone": "+91-8953024980",
        "specialization": "Quantum Physics",
        "office": "Room 346, Electronics Block",
        "image": "fac026.jpg"
    },
    {
        "id": "FAC027",
        "name": "Dr. Meena Gupta",
        "designation": "Professor",
        "department": "Information Technology",
        "email": "meena.gupta@college.edu",
        "phone": "+91-7203860433",
        "specialization": "Artificial Intelligence",
        "office": "Room 226, Information Block",
        "image": "fac027.jpg"
    },
    {
        "id": "FAC028",
        "name": "Dr. Anita Mehta",
        "designation": "Assistant Professor",
        "department": "Civil",
        "email": "anita.mehta@college.edu",
        "phone": "+91-8987652557",
        "specialization": "Cyber Security",
        "office": "Room 366, Civil Block",
        "image": "fac028.jpg"
    },
    {
        "id": "FAC029",
        "name": "Sneha Mehta",
        "designation": "Associate Professor",
        "department": "Mathematics",
        "email": "sneha.mehta@college.edu",
        "phone": "+91-6817727725",
        "specialization": "Quantum Physics",
        "office": "Room 283, Mathematics Block",
        "image": "fac029.jpg"
    },
    {
        "id": "FAC030",
        "name": "Dr. Ravi Singh",
        "designation": "Assistant Professor",
        "department": "Computer Science",
        "email": "ravi.singh@college.edu",
        "phone": "+91-8517832004",
        "specialization": "Marketing Management",
        "office": "Room 210, Computer Block",
        "image": "fac030.jpg"
    },
    {
        "id": "FAC031",
        "name": "Dr. Neha Malhotra",
        "designation": "Lecturer",
        "department": "Mechanical",
        "email": "neha.malhotra@college.edu",
        "phone": "+91-9439102421",
        "specialization": "Thermodynamics",
        "office": "Room 367, Mechanical Block",
        "image": "fac031.jpg"
    },
    {
        "id": "FAC032",
        "name": "Anita Chopra",
        "designation": "Assistant Professor",
        "department": "Computer Science",
        "email": "anita.chopra@college.edu",
        "phone": "+91-8438664042",
        "specialization": "Quantum Physics",
        "office": "Room 211, Computer Block",
        "image": "fac032.jpg"
    },
    {
        "id": "FAC033",
        "name": "Dr. Deepak Agarwal",
        "designation": "Assistant Professor",
        "department": "Biotechnology",
        "email": "deepak.agarwal@college.edu",
        "phone": "+91-8605404620",
        "specialization": "Organic Chemistry",
        "office": "Room 322, Biotechnology Block",
        "image": "fac033.jpg"
    },
    {
        "id": "FAC034",
        "name": "Dr. Nisha Gupta",
        "designation": "Associate Professor",
        "department": "Information Technology",
        "email": "nisha.gupta@college.edu",
        "phone": "+91-6338281167",
        "specialization": "Thermodynamics",
        "office": "Room 498, Information Block",
        "image": "fac034.jpg"
    },
    {
        "id": "FAC035",
        "name": "Dr. Pooja Patel",
        "designation": "Associate Professor",
        "department": "Mathematics",
        "email": "pooja.patel@college.edu",
        "phone": "+91-9858686597",
        "specialization": "Marketing Management",
        "office": "Room 253, Mathematics Block",
        "image": "fac035.jpg"
    },
    {
        "id": "FAC036",
        "name": "Pooja Singh",
        "designation": "Professor",
        "department": "Biotechnology",
        "email": "pooja.singh@college.edu",
        "phone": "+91-8047964258",
        "specialization": "Cyber Security",
        "office": "Room 311, Biotechnology Block",
        "image": "fac036.jpg"
    },
    {
        "id": "FAC037",
        "name": "Dr. Rahul Bose",
        "designation": "Associate Professor",
        "department": "Mathematics",
        "email": "rahul.bose@college.edu",
        "phone": "+91-7429040555",
        "specialization": "Marketing Management",
        "office": "Room 402, Mathematics Block",
        "image": "fac037.jpg"
    },
    {
        "id": "FAC038",
        "name": "Dr. Nisha Singh",
        "designation": "Associate Professor",
        "department": "Biotechnology",
        "email": "nisha.singh@college.edu",
        "phone": "+91-6075400861",
        "specialization": "Quantum Physics",
        "office": "Room 154, Biotechnology Block",
        "image": "fac038.jpg"
    },
    {
        "id": "FAC039",
        "name": "Divya Mehta",
        "designation": "Lecturer",
        "department": "Civil",
        "email": "divya.mehta@college.edu",
        "phone": "+91-8415680134",
        "specialization": "Organic Chemistry",
        "office": "Room 106, Civil Block",
        "image": "fac039.jpg"
    },
    {
        "id": "FAC040",
        "name": "Dr. Asha Kapoor",
        "designation": "Professor",
        "department": "Physics",
        "email": "asha.kapoor@college.edu",
        "phone": "+91-7856716793",
        "specialization": "Cyber Security",
        "office": "Room 224, Physics Block",
        "image": "fac040.jpg"
    },
    {
        "id": "FAC041",
        "name": "Dr. Pooja Gupta",
        "designation": "Professor",
        "department": "Management",
        "email": "pooja.gupta@college.edu",
        "phone": "+91-8932013995",
        "specialization": "Artificial Intelligence",
        "office": "Room 223, Management Block",
        "image": "fac041.jpg"
    },
    {
        "id": "FAC042",
        "name": "Dr. Ajay Bose",
        "designation": "Lecturer",
        "department": "Chemistry",
        "email": "ajay.bose@college.edu",
        "phone": "+91-8787865534",
        "specialization": "Organic Chemistry",
        "office": "Room 345, Chemistry Block",
        "image": "fac042.jpg"
    },
    {
        "id": "FAC043",
        "name": "Dr. Suresh Singh",
        "designation": "Lecturer",
        "department": "Mechanical",
        "email": "suresh.singh@college.edu",
        "phone": "+91-8094202681",
        "specialization": "Organic Chemistry",
        "office": "Room 210, Mechanical Block",
        "image": "fac043.jpg"
    },
    {
        "id": "FAC044",
        "name": "Dr. Rajesh Mehta",
        "designation": "Associate Professor",
        "department": "Civil",
        "email": "rajesh.mehta@college.edu",
        "phone": "+91-6600842744",
        "specialization": "Quantum Physics",
        "office": "Room 167, Civil Block",
        "image": "fac044.jpg"
    },
    {
        "id": "FAC045",
        "name": "Dr. Suresh Yadav",
        "designation": "Professor",
        "department": "Chemistry",
        "email": "suresh.yadav@college.edu",
        "phone": "+91-7978841640",
        "specialization": "Thermodynamics",
        "office": "Room 205, Chemistry Block",
        "image": "fac045.jpg"
    },
    {
        "id": "FAC046",
        "name": "Dr. Divya Reddy",
        "designation": "Associate Professor",
        "department": "Electronics",
        "email": "divya.reddy@college.edu",
        "phone": "+91-8540636565",
        "specialization": "Structural Engineering",
        "office": "Room 469, Electronics Block",
        "image": "fac046.jpg"
    },
    {
        "id": "FAC047",
        "name": "Dr. Ravi Singh",
        "designation": "Professor",
        "department": "Civil",
        "email": "ravi.singh@college.edu",
        "phone": "+91-7928843469",
        "specialization": "Organic Chemistry",
        "office": "Room 361, Civil Block",
        "image": "fac047.jpg"
    },
    {
        "id": "FAC048",
        "name": "Rahul Agarwal",
        "designation": "Associate Professor",
        "department": "Chemistry",
        "email": "rahul.agarwal@college.edu",
        "phone": "+91-9786623142",
        "specialization": "VLSI Design",
        "office": "Room 107, Chemistry Block",
        "image": "fac048.jpg"
    },
    {
        "id": "FAC049",
        "name": "Dr. Deepak Iyer",
        "designation": "Lecturer",
        "department": "Biotechnology",
        "email": "deepak.iyer@college.edu",
        "phone": "+91-7307523467",
        "specialization": "Marketing Management",
        "office": "Room 157, Biotechnology Block",
        "image": "fac049.jpg"
    },
    {
        "id": "FAC050",
        "name": "Dr. Sneha Jain",
        "designation": "Professor",
        "department": "Computer Science",
        "email": "sneha.jain@college.edu",
        "phone": "+91-8717444971",
        "specialization": "Artificial Intelligence",
        "office": "Room 394, Computer Block",
        "image": "fac050.jpg"
    },
    {
        "id": "FAC051",
        "name": "Dr. Nisha Chopra",
        "designation": "Professor",
        "department": "Computer Science",
        "email": "nisha.chopra@college.edu",
        "phone": "+91-7391055828",
        "specialization": "Genetic Engineering",
        "office": "Room 370, Computer Block",
        "image": "fac051.jpg"
    },
    {
        "id": "FAC052",
        "name": "Dr. Karan Sharma",
        "designation": "Assistant Professor",
        "department": "Biotechnology",
        "email": "karan.sharma@college.edu",
        "phone": "+91-6968052596",
        "specialization": "Cyber Security",
        "office": "Room 347, Biotechnology Block",
        "image": "fac052.jpg"
    },
    {
        "id": "FAC053",
        "name": "Dr. Ravi Iyer",
        "designation": "Professor",
        "department": "Electronics",
        "email": "ravi.iyer@college.edu",
        "phone": "+91-9485046359",
        "specialization": "Genetic Engineering",
        "office": "Room 225, Electronics Block",
        "image": "fac053.jpg"
    },
    {
        "id": "FAC054",
        "name": "Dr. Deepak Das",
        "designation": "Assistant Professor",
        "department": "Physics",
        "email": "deepak.das@college.edu",
        "phone": "+91-6708627026",
        "specialization": "Genetic Engineering",
        "office": "Room 168, Physics Block",
        "image": "fac054.jpg"
    },
    {
        "id": "FAC055",
        "name": "Dr. Asha Jain",
        "designation": "Lecturer",
        "department": "Civil",
        "email": "asha.jain@college.edu",
        "phone": "+91-7049271449",
        "specialization": "Thermodynamics",
        "office": "Room 267, Civil Block",
        "image": "fac055.jpg"
    },
    {
        "id": "FAC056",
        "name": "Dr. Rahul Rana",
        "designation": "Assistant Professor",
        "department": "Biotechnology",
        "email": "rahul.rana@college.edu",
        "phone": "+91-7852483641",
        "specialization": "Genetic Engineering",
        "office": "Room 301, Biotechnology Block",
        "image": "fac056.jpg"
    },
    {
        "id": "FAC057",
        "name": "Dr. Rahul Jain",
        "designation": "Assistant Professor",
        "department": "Computer Science",
        "email": "rahul.jain@college.edu",
        "phone": "+91-7842445188",
        "specialization": "Cyber Security",
        "office": "Room 168, Computer Block",
        "image": "fac057.jpg"
    },
    {
        "id": "FAC058",
        "name": "Dr. Ajay Malhotra",
        "designation": "Associate Professor",
        "department": "Biotechnology",
        "email": "ajay.malhotra@college.edu",
        "phone": "+91-6382214567",
        "specialization": "Marketing Management",
        "office": "Room 240, Biotechnology Block",
        "image": "fac058.jpg"
    },
    {
        "id": "FAC059",
        "name": "Dr. Ravi Sharma",
        "designation": "Associate Professor",
        "department": "Electronics",
        "email": "ravi.sharma@college.edu",
        "phone": "+91-9034013134",
        "specialization": "Genetic Engineering",
        "office": "Room 325, Electronics Block",
        "image": "fac059.jpg"
    },
    {
        "id": "FAC060",
        "name": "Dr. Vikram Reddy",
        "designation": "Associate Professor",
        "department": "Computer Science",
        "email": "vikram.reddy@college.edu",
        "phone": "+91-6126058979",
        "specialization": "Cyber Security",
        "office": "Room 113, Computer Block",
        "image": "fac060.jpg"
    },
    {
        "id": "FAC061",
        "name": "Divya Nair",
        "designation": "Associate Professor",
        "department": "Management",
        "email": "divya.nair@college.edu",
        "phone": "+91-6476746207",
        "specialization": "Data Science",
        "office": "Room 130, Management Block",
        "image": "fac061.jpg"
    },
    {
        "id": "FAC062",
        "name": "Rahul Agarwal",
        "designation": "Assistant Professor",
        "department": "Physics",
        "email": "rahul.agarwal@college.edu",
        "phone": "+91-9226535677",
        "specialization": "Structural Engineering",
        "office": "Room 185, Physics Block",
        "image": "fac062.jpg"
    },
    {
        "id": "FAC063",
        "name": "Dr. Arjun Das",
        "designation": "Assistant Professor",
        "department": "Mechanical",
        "email": "arjun.das@college.edu",
        "phone": "+91-7635725259",
        "specialization": "Artificial Intelligence",
        "office": "Room 219, Mechanical Block",
        "image": "fac063.jpg"
    },
    {
        "id": "FAC064",
        "name": "Dr. Asha Reddy",
        "designation": "Associate Professor",
        "department": "Civil",
        "email": "asha.reddy@college.edu",
        "phone": "+91-8879259726",
        "specialization": "Quantum Physics",
        "office": "Room 286, Civil Block",
        "image": "fac064.jpg"
    },
    {
        "id": "FAC065",
        "name": "Dr. Sneha Verma",
        "designation": "Assistant Professor",
        "department": "Computer Science",
        "email": "sneha.verma@college.edu",
        "phone": "+91-7543168788",
        "specialization": "Marketing Management",
        "office": "Room 109, Computer Block",
        "image": "fac065.jpg"
    },
    {
        "id": "FAC066",
        "name": "Dr. Ajay Patel",
        "designation": "Lecturer",
        "department": "Mechanical",
        "email": "ajay.patel@college.edu",
        "phone": "+91-9981867030",
        "specialization": "Cyber Security",
        "office": "Room 349, Mechanical Block",
        "image": "fac066.jpg"
    },
    {
        "id": "FAC067",
        "name": "Dr. Ravi Kumar",
        "designation": "Associate Professor",
        "department": "Management",
        "email": "ravi.kumar@college.edu",
        "phone": "+91-6917421462",
        "specialization": "Organic Chemistry",
        "office": "Room 198, Management Block",
        "image": "fac067.jpg"
    },
    {
        "id": "FAC068",
        "name": "Dr. Vikram Rana",
        "designation": "Associate Professor",
        "department": "Physics",
        "email": "vikram.rana@college.edu",
        "phone": "+91-7261936975",
        "specialization": "Artificial Intelligence",
        "office": "Room 443, Physics Block",
        "image": "fac068.jpg"
    },
    {
        "id": "FAC069",
        "name": "Dr. Manoj Agarwal",
        "designation": "Assistant Professor",
        "department": "Biotechnology",
        "email": "manoj.agarwal@college.edu",
        "phone": "+91-9244332567",
        "specialization": "Cyber Security",
        "office": "Room 482, Biotechnology Block",
        "image": "fac069.jpg"
    },
    {
        "id": "FAC070",
        "name": "Suresh Bose",
        "designation": "Assistant Professor",
        "department": "Civil",
        "email": "suresh.bose@college.edu",
        "phone": "+91-9531381670",
        "specialization": "Data Science",
        "office": "Room 371, Civil Block",
        "image": "fac070.jpg"
    },
    {
        "id": "FAC071",
        "name": "Karan Agarwal",
        "designation": "Assistant Professor",
        "department": "Mathematics",
        "email": "karan.agarwal@college.edu",
        "phone": "+91-7502382021",
        "specialization": "Artificial Intelligence",
        "office": "Room 322, Mathematics Block",
        "image": "fac071.jpg"
    },
    {
        "id": "FAC072",
        "name": "Sunita Iyer",
        "designation": "Lecturer",
        "department": "Management",
        "email": "sunita.iyer@college.edu",
        "phone": "+91-9905416846",
        "specialization": "Thermodynamics",
        "office": "Room 453, Management Block",
        "image": "fac072.jpg"
    },
    {
        "id": "FAC073",
        "name": "Anita Malhotra",
        "designation": "Associate Professor",
        "department": "Electronics",
        "email": "anita.malhotra@college.edu",
        "phone": "+91-7863237708",
        "specialization": "Data Science",
        "office": "Room 205, Electronics Block",
        "image": "fac073.jpg"
    },
    {
        "id": "FAC074",
        "name": "Meena Agarwal",
        "designation": "Assistant Professor",
        "department": "Physics",
        "email": "meena.agarwal@college.edu",
        "phone": "+91-7865764418",
        "specialization": "Marketing Management",
        "office": "Room 322, Physics Block",
        "image": "fac074.jpg"
    },
    {
        "id": "FAC075",
        "name": "Suresh Nair",
        "designation": "Professor",
        "department": "Mathematics",
        "email": "suresh.nair@college.edu",
        "phone": "+91-6195448902",
        "specialization": "Genetic Engineering",
        "office": "Room 323, Mathematics Block",
        "image": "fac075.jpg"
    },
    {
        "id": "FAC076",
        "name": "Anita Chopra",
        "designation": "Associate Professor",
        "department": "Mathematics",
        "email": "anita.chopra@college.edu",
        "phone": "+91-8562776191",
        "specialization": "Quantum Physics",
        "office": "Room 130, Mathematics Block",
        "image": "fac076.jpg"
    },
    {
        "id": "FAC077",
        "name": "Dr. Pooja Kumar",
        "designation": "Professor",
        "department": "Management",
        "email": "pooja.kumar@college.edu",
        "phone": "+91-9463077693",
        "specialization": "Genetic Engineering",
        "office": "Room 216, Management Block",
        "image": "fac077.jpg"
    },
    {
        "id": "FAC078",
        "name": "Dr. Neha Menon",
        "designation": "Professor",
        "department": "Electronics",
        "email": "neha.menon@college.edu",
        "phone": "+91-7687536934",
        "specialization": "Marketing Management",
        "office": "Room 247, Electronics Block",
        "image": "fac078.jpg"
    },
    {
        "id": "FAC079",
        "name": "Dr. Arjun Nair",
        "designation": "Associate Professor",
        "department": "Civil",
        "email": "arjun.nair@college.edu",
        "phone": "+91-9810461933",
        "specialization": "Artificial Intelligence",
        "office": "Room 127, Civil Block",
        "image": "fac079.jpg"
    },
    {
        "id": "FAC080",
        "name": "Dr. Sneha Gupta",
        "designation": "Assistant Professor",
        "department": "Computer Science",
        "email": "sneha.gupta@college.edu",
        "phone": "+91-7568334435",
        "specialization": "VLSI Design",
        "office": "Room 328, Computer Block",
        "image": "fac080.jpg"
    },
    {
        "id": "FAC081",
        "name": "Dr. Anita Reddy",
        "designation": "Assistant Professor",
        "department": "Physics",
        "email": "anita.reddy@college.edu",
        "phone": "+91-6631797164",
        "specialization": "Thermodynamics",
        "office": "Room 482, Physics Block",
        "image": "fac081.jpg"
    },
    {
        "id": "FAC082",
        "name": "Dr. Sunita Kapoor",
        "designation": "Lecturer",
        "department": "Information Technology",
        "email": "sunita.kapoor@college.edu",
        "phone": "+91-8746868346",
        "specialization": "Artificial Intelligence",
        "office": "Room 182, Information Block",
        "image": "fac082.jpg"
    },
    {
        "id": "FAC083",
        "name": "Dr. Rahul Bose",
        "designation": "Professor",
        "department": "Electronics",
        "email": "rahul.bose@college.edu",
        "phone": "+91-6838535985",
        "specialization": "Quantum Physics",
        "office": "Room 229, Electronics Block",
        "image": "fac083.jpg"
    },
    {
        "id": "FAC084",
        "name": "Dr. Sneha Iyer",
        "designation": "Associate Professor",
        "department": "Physics",
        "email": "sneha.iyer@college.edu",
        "phone": "+91-6070781353",
        "specialization": "Organic Chemistry",
        "office": "Room 210, Physics Block",
        "image": "fac084.jpg"
    },
    {
        "id": "FAC085",
        "name": "Dr. Meena Verma",
        "designation": "Assistant Professor",
        "department": "Management",
        "email": "meena.verma@college.edu",
        "phone": "+91-9327529093",
        "specialization": "Artificial Intelligence",
        "office": "Room 153, Management Block",
        "image": "fac085.jpg"
    },
    {
        "id": "FAC086",
        "name": "Dr. Neha Patel",
        "designation": "Professor",
        "department": "Information Technology",
        "email": "neha.patel@college.edu",
        "phone": "+91-8306855433",
        "specialization": "VLSI Design",
        "office": "Room 426, Information Block",
        "image": "fac086.jpg"
    },
    {
        "id": "FAC087",
        "name": "Dr. Priya Mehta",
        "designation": "Lecturer",
        "department": "Chemistry",
        "email": "priya.mehta@college.edu",
        "phone": "+91-8490477063",
        "specialization": "Data Science",
        "office": "Room 341, Chemistry Block",
        "image": "fac087.jpg"
    },
    {
        "id": "FAC088",
        "name": "Dr. Ajay Yadav",
        "designation": "Associate Professor",
        "department": "Chemistry",
        "email": "ajay.yadav@college.edu",
        "phone": "+91-8882293487",
        "specialization": "Structural Engineering",
        "office": "Room 246, Chemistry Block",
        "image": "fac088.jpg"
    },
    {
        "id": "FAC089",
        "name": "Neha Sharma",
        "designation": "Professor",
        "department": "Mechanical",
        "email": "neha.sharma@college.edu",
        "phone": "+91-8202585406",
        "specialization": "Artificial Intelligence",
        "office": "Room 484, Mechanical Block",
        "image": "fac089.jpg"
    },
    {
        "id": "FAC090",
        "name": "Suresh Nair",
        "designation": "Professor",
        "department": "Information Technology",
        "email": "suresh.nair@college.edu",
        "phone": "+91-9367405993",
        "specialization": "Data Science",
        "office": "Room 221, Information Block",
        "image": "fac090.jpg"
    },
    {
        "id": "FAC091",
        "name": "Dr. Divya Menon",
        "designation": "Associate Professor",
        "department": "Chemistry",
        "email": "divya.menon@college.edu",
        "phone": "+91-6575050269",
        "specialization": "Thermodynamics",
        "office": "Room 193, Chemistry Block",
        "image": "fac091.jpg"
    },
    {
        "id": "FAC092",
        "name": "Dr. Karan Nair",
        "designation": "Lecturer",
        "department": "Civil",
        "email": "karan.nair@college.edu",
        "phone": "+91-9597105095",
        "specialization": "Organic Chemistry",
        "office": "Room 241, Civil Block",
        "image": "fac092.jpg"
    },
    {
        "id": "FAC093",
        "name": "Arjun Gupta",
        "designation": "Lecturer",
        "department": "Civil",
        "email": "arjun.gupta@college.edu",
        "phone": "+91-6053982470",
        "specialization": "VLSI Design",
        "office": "Room 183, Civil Block",
        "image": "fac093.jpg"
    },
    {
        "id": "FAC094",
        "name": "Dr. Meena Kapoor",
        "designation": "Professor",
        "department": "Management",
        "email": "meena.kapoor@college.edu",
        "phone": "+91-6623793629",
        "specialization": "Organic Chemistry",
        "office": "Room 496, Management Block",
        "image": "fac094.jpg"
    },
    {
        "id": "FAC095",
        "name": "Asha Verma",
        "designation": "Lecturer",
        "department": "Electronics",
        "email": "asha.verma@college.edu",
        "phone": "+91-8372785306",
        "specialization": "Quantum Physics",
        "office": "Room 430, Electronics Block",
        "image": "fac095.jpg"
    },
    {
        "id": "FAC096",
        "name": "Vikram Yadav",
        "designation": "Associate Professor",
        "department": "Civil",
        "email": "vikram.yadav@college.edu",
        "phone": "+91-8248995364",
        "specialization": "Structural Engineering",
        "office": "Room 227, Civil Block",
        "image": "fac096.jpg"
    },
    {
        "id": "FAC097",
        "name": "Dr. Suresh Gupta",
        "designation": "Associate Professor",
        "department": "Information Technology",
        "email": "suresh.gupta@college.edu",
        "phone": "+91-9456228236",
        "specialization": "Organic Chemistry",
        "office": "Room 354, Information Block",
        "image": "fac097.jpg"
    },
    {
        "id": "FAC098",
        "name": "Dr. Nisha Yadav",
        "designation": "Assistant Professor",
        "department": "Chemistry",
        "email": "nisha.yadav@college.edu",
        "phone": "+91-7481549308",
        "specialization": "Structural Engineering",
        "office": "Room 355, Chemistry Block",
        "image": "fac098.jpg"
    },
    {
        "id": "FAC099",
        "name": "Dr. Nisha Kumar",
        "designation": "Lecturer",
        "department": "Civil",
        "email": "nisha.kumar@college.edu",
        "phone": "+91-6196559190",
        "specialization": "Quantum Physics",
        "office": "Room 340, Civil Block",
        "image": "fac099.jpg"
    },
    {
        "id": "FAC100",
        "name": "Nisha Chopra",
        "designation": "Professor",
        "department": "Mechanical",
        "email": "nisha.chopra@college.edu",
        "phone": "+91-7473272025",
        "specialization": "Genetic Engineering",
        "office": "Room 440, Mechanical Block",
        "image": "fac100.jpg"
    }
]

